"source_file","source_path","summary_order","script","dataset","model","is_curve_summary","qaw_ratio","suffix_len","sample_count","full_reuse_f1","query_aware_f1","full_prefill_f1","full_reuse_total_s","query_aware_total_s","full_prefill_total_s","full_reuse_ttft_s","query_aware_ttft_s","full_prefill_ttft_s","qaw_true_recompute_count","started_at","ended_at","dataset_label","dataset_score_label","model_label","f1_retention_vs_prefill","f1_delta_vs_prefill","f1_delta_vs_reuse","speedup_vs_prefill","latency_ratio_vs_prefill","latency_overhead_pct","ttft_ratio_vs_prefill","balanced_score"
"202604212001_musique_curve.output","/Users/doppler/Documents/Github/CacheBlend/outputs/202604212001_musique_curve.output",1,"example/blend_curve.py","musique","Yi-6B",TRUE,0,0,50,0.220487394957983,0.220487394957983,0.242887573211103,0.526255339559975,0.519767390319939,1.51607849894001,0.306399438039989,0.303604226920033,1.30424811893996,0,"2026-04-21 20:01:47","2026-04-21 20:26:39","Musique","Musique (F1)","Yi-6B",0.907775527759707,-0.0224001782531195,0,2.91684035431079,0.342836726913115,-65.7163273086885,0.232781034920557,1.11505409304381
"202604212001_musique_curve.output","/Users/doppler/Documents/Github/CacheBlend/outputs/202604212001_musique_curve.output",2,"example/blend_curve.py","musique","Yi-6B",TRUE,0.05,0,50,0.220487394957983,0.123201680672269,0.242887573211103,0.526255339559975,0.582073996919989,1.51607849894001,0.306399438039989,0.398200008120002,1.30424811893996,50,"2026-04-21 20:01:47","2026-04-21 20:26:39","Musique","Musique (F1)","Yi-6B",0.507237480466692,-0.119685892538834,-0.0972857142857143,2.60461471730784,0.383933943609752,-61.6066056390248,0.305310011444481,0.85470436230335
"202604212001_musique_curve.output","/Users/doppler/Documents/Github/CacheBlend/outputs/202604212001_musique_curve.output",3,"example/blend_curve.py","musique","Yi-6B",TRUE,0.1,0,50,0.220487394957983,0.129172748819808,0.242887573211103,0.526255339559975,0.632089690019984,1.51607849894001,0.306399438039989,0.435202344299996,1.30424811893996,50,"2026-04-21 20:01:47","2026-04-21 20:26:39","Musique","Musique (F1)","Yi-6B",0.531821151292655,-0.113714824391295,-0.0913146461381755,2.39851799970361,0.416924117360626,-58.3075882639374,0.333680637894047,0.870683748340226
"202604212001_musique_curve.output","/Users/doppler/Documents/Github/CacheBlend/outputs/202604212001_musique_curve.output",4,"example/blend_curve.py","musique","Yi-6B",TRUE,0.15,0,50,0.220487394957983,0.136581453634085,0.242887573211103,0.526255339559975,0.731408946820047,1.51607849894001,0.306399438039989,0.515512170620041,1.30424811893996,50,"2026-04-21 20:01:47","2026-04-21 20:26:39","Musique","Musique (F1)","Yi-6B",0.562323760859421,-0.106306119577017,-0.083905941323898,2.0728191875851,0.482434746836279,-51.7565253163721,0.39525621170842,0.890510444558624
"202604212001_musique_curve.output","/Users/doppler/Documents/Github/CacheBlend/outputs/202604212001_musique_curve.output",5,"example/blend_curve.py","musique","Yi-6B",TRUE,0.2,0,50,0.220487394957983,0.108853383458647,0.242887573211103,0.526255339559975,0.755418027700052,1.51607849894001,0.306399438039989,0.553621286699999,1.30424811893996,50,"2026-04-21 20:01:47","2026-04-21 20:26:39","Musique","Musique (F1)","Yi-6B",0.448163658681863,-0.134034189752456,-0.111634011499337,2.00693979141041,0.498271051418655,-50.1728948581345,0.424475434283134,0.816306378143211
"202604212001_musique_curve.output","/Users/doppler/Documents/Github/CacheBlend/outputs/202604212001_musique_curve.output",6,"example/blend_curve.py","musique","Yi-6B",TRUE,0.25,0,50,0.220487394957983,0.124261904761905,0.242887573211103,0.526255339559975,0.824838543200076,1.51607849894001,0.306399438039989,0.620535413040016,1.30424811893996,50,"2026-04-21 20:01:47","2026-04-21 20:26:39","Musique","Musique (F1)","Yi-6B",0.511602562119982,-0.118625668449198,-0.0962254901960784,1.83803061997827,0.544060577190942,-45.5939422809058,0.475780186322494,0.857541665377988
"202604212001_musique_curve.output","/Users/doppler/Documents/Github/CacheBlend/outputs/202604212001_musique_curve.output",7,"example/blend_curve.py","musique","Yi-6B",TRUE,0.3,0,50,0.220487394957983,0.135261904761905,0.242887573211103,0.526255339559975,0.859840423540045,1.51607849894001,0.306399438039989,0.669331776219988,1.30424811893996,50,"2026-04-21 20:01:47","2026-04-21 20:26:39","Musique","Musique (F1)","Yi-6B",0.556891005059133,-0.107625668449198,-0.0852254901960784,1.76320914606244,0.567147693302964,-43.2852306697036,0.513193591388113,0.886979153288437
"202604212001_musique_curve.output","/Users/doppler/Documents/Github/CacheBlend/outputs/202604212001_musique_curve.output",8,"example/blend_curve.py","musique","Yi-6B",TRUE,0.35,0,50,0.220487394957983,0.193035014005602,0.242887573211103,0.526255339559975,0.938578854599964,1.51607849894001,0.306399438039989,0.735742428479989,1.30424811893996,50,"2026-04-21 20:01:47","2026-04-21 20:26:39","Musique","Musique (F1)","Yi-6B",0.794750474277366,-0.0498525592055004,-0.027452380952381,1.61529155649493,0.619083283125636,-38.0916716874364,0.564112317124115,1.04158780828029
"202604212001_musique_curve.output","/Users/doppler/Documents/Github/CacheBlend/outputs/202604212001_musique_curve.output",9,"example/blend_curve.py","musique","Yi-6B",TRUE,0.4,0,50,0.220487394957983,0.131690476190476,0.242887573211103,0.526255339559975,0.994002286359919,1.51607849894001,0.306399438039989,0.78890228647997,1.30424811893996,50,"2026-04-21 20:01:47","2026-04-21 20:26:39","Musique","Musique (F1)","Yi-6B",0.542186965143824,-0.111197097020626,-0.088796918767507,1.52522636994323,0.655640382114049,-34.4359617885951,0.604871323963387,0.877421527343486
"202604212001_musique_curve.output","/Users/doppler/Documents/Github/CacheBlend/outputs/202604212001_musique_curve.output",10,"example/blend_curve.py","musique","Yi-6B",TRUE,0.45,0,50,0.220487394957983,0.184923902894491,0.242887573211103,0.526255339559975,1.0619923402401,1.51607849894001,0.306399438039989,0.854927059480033,1.30424811893996,50,"2026-04-21 20:01:47","2026-04-21 20:26:39","Musique","Musique (F1)","Yi-6B",0.761355965847486,-0.0579636703166115,-0.035563492063492,1.42757950457273,0.700486380476087,-29.9513619523913,0.655494186317005,0.994534204401323
"202604212001_musique_curve.output","/Users/doppler/Documents/Github/CacheBlend/outputs/202604212001_musique_curve.output",11,"example/blend_curve.py","musique","Yi-6B",TRUE,0.5,0,50,0.220487394957983,0.142609949670925,0.242887573211103,0.526255339559975,1.09778539863999,1.51607849894001,0.306399438039989,0.916854397520001,1.30424811893996,50,"2026-04-21 20:01:47","2026-04-21 20:26:39","Musique","Musique (F1)","Yi-6B",0.587143869838815,-0.100277623540177,-0.0778774452870579,1.38103357980369,0.724095354829929,-27.5904645170071,0.702975441716706,0.865005268326521
"202604212001_musique_curve.output","/Users/doppler/Documents/Github/CacheBlend/outputs/202604212001_musique_curve.output",12,"example/blend_curve.py","musique","Yi-6B",TRUE,0.55,0,50,0.220487394957983,0.207793650793651,0.242887573211103,0.526255339559975,1.162031663,1.51607849894001,0.306399438039989,0.979121291620013,1.30424811893996,50,"2026-04-21 20:01:47","2026-04-21 20:26:39","Musique","Musique (F1)","Yi-6B",0.855513717916929,-0.0350939224174519,-0.0126937441643324,1.30467916427163,0.766471962904595,-23.3528037095405,0.750717043330531,1.01272162414107
"202604212001_musique_curve.output","/Users/doppler/Documents/Github/CacheBlend/outputs/202604212001_musique_curve.output",13,"example/blend_curve.py","musique","Yi-6B",TRUE,0.6,0,50,0.220487394957983,0.2368197945845,0.242887573211103,0.526255339559975,1.21292842639994,1.51607849894001,0.306399438039989,1.04118502149997,1.30424811893996,50,"2026-04-21 20:01:47","2026-04-21 20:26:39","Musique","Musique (F1)","Yi-6B",0.975018159445611,-0.00606777862660218,0.0163323996265173,1.24993236694092,0.800043287499942,-19.9956712500058,0.798302873801499,1.07123813206897
"202604212001_musique_curve.output","/Users/doppler/Documents/Github/CacheBlend/outputs/202604212001_musique_curve.output",14,"example/blend_curve.py","musique","Yi-6B",TRUE,0.65,0,50,0.220487394957983,0.247187250657839,0.242887573211103,0.526255339559975,1.30995274434008,1.51607849894001,0.306399438039989,1.11260498644004,1.30424811893996,50,"2026-04-21 20:01:47","2026-04-21 20:26:39","Musique","Musique (F1)","Yi-6B",1.01770233606393,0.00429967744673623,0.0266998556998557,1.15735358049406,0.864040183444299,-13.5959816555701,0.853062366188666,1.06658027161448
"202604212001_musique_curve.output","/Users/doppler/Documents/Github/CacheBlend/outputs/202604212001_musique_curve.output",15,"example/blend_curve.py","musique","Yi-6B",TRUE,0.7,0,50,0.220487394957983,0.255002944767651,0.242887573211103,0.526255339559975,1.37691167826,1.51607849894001,0.306399438039989,1.17503110828002,1.30424811893996,50,"2026-04-21 20:01:47","2026-04-21 20:26:39","Musique","Musique (F1)","Yi-6B",1.04988057394776,0.012115371556548,0.0345155498096675,1.10107171206207,0.908206058738183,-9.17939412618168,0.900926051735491,1.06779747228777
"202604212001_musique_curve.output","/Users/doppler/Documents/Github/CacheBlend/outputs/202604212001_musique_curve.output",16,"example/blend_curve.py","musique","Yi-6B",TRUE,0.75,0,50,0.220487394957983,0.268693972693973,0.242887573211103,0.526255339559975,1.41709841895994,1.51607849894001,0.306399438039989,1.23785696549987,1.30424811893996,50,"2026-04-21 20:01:47","2026-04-21 20:26:39","Musique","Musique (F1)","Yi-6B",1.10624833185863,0.02580639948287,0.0482065777359895,1.06984700473571,0.934713090351674,-6.52869096483255,0.949096224502091,1.09350786736561
"202604212001_musique_curve.output","/Users/doppler/Documents/Github/CacheBlend/outputs/202604212001_musique_curve.output",17,"example/blend_curve.py","musique","Yi-6B",TRUE,0.8,0,50,0.220487394957983,0.254857142857143,0.242887573211103,0.526255339559975,1.47467255105994,1.51607849894001,0.306399438039989,1.29570668654005,1.30424811893996,50,"2026-04-21 20:01:47","2026-04-21 20:26:39","Musique","Musique (F1)","Yi-6B",1.04928028835644,0.0119695696460403,0.0343697478991597,1.0280780623809,0.972688783655321,-2.73112163446788,0.993451067878979,1.04185950926501
"202604212001_musique_curve.output","/Users/doppler/Documents/Github/CacheBlend/outputs/202604212001_musique_curve.output",18,"example/blend_curve.py","musique","Yi-6B",TRUE,0.85,0,50,0.220487394957983,0.235056166056166,0.242887573211103,0.526255339559975,1.54712092106001,1.51607849894001,0.306399438039989,1.36675372674001,1.30424811893996,50,"2026-04-21 20:01:47","2026-04-21 20:26:39","Musique","Musique (F1)","Yi-6B",0.967757069448217,-0.0078314071549366,0.0145687710981829,0.979935361420399,1.0204754715153,2.04754715153022,1.04792462944156,0.972019471638481
"202604212001_musique_curve.output","/Users/doppler/Documents/Github/CacheBlend/outputs/202604212001_musique_curve.output",19,"example/blend_curve.py","musique","Yi-6B",TRUE,0.9,0,50,0.220487394957983,0.280420168067227,0.242887573211103,0.526255339559975,1.64120910918002,1.51607849894001,0.306399438039989,1.43885126285997,1.30424811893996,50,"2026-04-21 20:01:47","2026-04-21 20:26:39","Musique","Musique (F1)","Yi-6B",1.15452661640908,0.0375325948561242,0.0599327731092437,0.923757058414982,1.08253570664547,8.2535706645467,1.10320363277918,1.07375727111115
"202604212001_musique_curve.output","/Users/doppler/Documents/Github/CacheBlend/outputs/202604212001_musique_curve.output",20,"example/blend_curve.py","musique","Yi-6B",TRUE,0.95,0,50,0.220487394957983,0.213134453781513,0.242887573211103,0.526255339559975,1.69658212222006,1.51607849894001,0.306399438039989,1.50922406197993,1.30424811893996,50,"2026-04-21 20:01:47","2026-04-21 20:26:39","Musique","Musique (F1)","Yi-6B",0.877502504404659,-0.02975311942959,-0.00735294117647059,0.893607494199068,1.11905954962507,11.9059549625074,1.15716023666307,0.883139250832702
"202604212001_musique_curve.output","/Users/doppler/Documents/Github/CacheBlend/outputs/202604212001_musique_curve.output",21,"example/blend_curve.py","musique","Yi-6B",TRUE,1,0,50,0.220487394957983,0.259106060606061,0.242887573211103,0.526255339559975,1.76529342126003,1.51607849894001,0.306399438039989,1.58077565004007,1.30424811893996,50,"2026-04-21 20:01:47","2026-04-21 20:26:39","Musique","Musique (F1)","Yi-6B",1.06677364008599,0.016218487394958,0.0386186656480774,0.858825213237276,1.16438127873607,16.4381278736073,1.21202064782341,0.993991690688941
"202604212028_wikimqa_curve.output","/Users/doppler/Documents/Github/CacheBlend/outputs/202604212028_wikimqa_curve.output",1,"example/blend_curve.py","wikimqa","Yi-6B",TRUE,0,0,50,0.249157264304323,0.249157264304323,0.283065444359562,0.524185014640061,0.51473309879997,1.58561547196003,0.311963254400052,0.306713988499869,1.36329644853993,0,"2026-04-21 20:28:46","2026-04-21 20:54:49","2WikiMQA","2WikiMQA (F1)","Yi-6B",0.880210810853453,-0.0339081800552389,0,3.0804614579025,0.324626687808295,-67.5373312191705,0.224979672490422,1.09713702705474
"202604212028_wikimqa_curve.output","/Users/doppler/Documents/Github/CacheBlend/outputs/202604212028_wikimqa_curve.output",2,"example/blend_curve.py","wikimqa","Yi-6B",TRUE,0.05,0,50,0.249157264304323,0.202939393939394,0.283065444359562,0.524185014640061,0.60346555750004,1.58561547196003,0.311963254400052,0.402846099479975,1.36329644853993,50,"2026-04-21 20:28:46","2026-04-21 20:54:49","2WikiMQA","2WikiMQA (F1)","Yi-6B",0.716934539284885,-0.0801260504201681,-0.0462178703649292,2.62751610635197,0.3805875813977,-61.94124186023,0.295494131090429,0.991007450535175
"202604212028_wikimqa_curve.output","/Users/doppler/Documents/Github/CacheBlend/outputs/202604212028_wikimqa_curve.output",3,"example/blend_curve.py","wikimqa","Yi-6B",TRUE,0.1,0,50,0.249157264304323,0.20425974025974,0.283065444359562,0.524185014640061,0.65043772651994,1.58561547196003,0.311963254400052,0.454757808879785,1.36329644853993,50,"2026-04-21 20:28:46","2026-04-21 20:54:49","2WikiMQA","2WikiMQA (F1)","Yi-6B",0.721598995320251,-0.0788057040998217,-0.0448975240445828,2.4377667643044,0.410211515983705,-58.9788484016295,0.333572209747061,0.994039346958163
"202604212028_wikimqa_curve.output","/Users/doppler/Documents/Github/CacheBlend/outputs/202604212028_wikimqa_curve.output",4,"example/blend_curve.py","wikimqa","Yi-6B",TRUE,0.15,0,50,0.249157264304323,0.224666666666667,0.283065444359562,0.524185014640061,0.704837067199915,1.58561547196003,0.311963254400052,0.52109458649993,1.36329644853993,50,"2026-04-21 20:28:46","2026-04-21 20:54:49","2WikiMQA","2WikiMQA (F1)","Yi-6B",0.793691604338979,-0.0583987776928953,-0.0244905976376565,2.24961987067331,0.444519544406718,-55.5480455593282,0.382231309307682,1.04089954282034
"202604212028_wikimqa_curve.output","/Users/doppler/Documents/Github/CacheBlend/outputs/202604212028_wikimqa_curve.output",5,"example/blend_curve.py","wikimqa","Yi-6B",TRUE,0.2,0,50,0.249157264304323,0.238076923076923,0.283065444359562,0.524185014640061,0.763060156639949,1.58561547196003,0.311963254400052,0.575153626319952,1.36329644853993,50,"2026-04-21 20:28:46","2026-04-21 20:54:49","2WikiMQA","2WikiMQA (F1)","Yi-6B",0.841066713796784,-0.0449885212826389,-0.0110803412274,2.07796915900066,0.481239096195692,-51.8760903804308,0.421884489566398,1.07169336396791
"202604212028_wikimqa_curve.output","/Users/doppler/Documents/Github/CacheBlend/outputs/202604212028_wikimqa_curve.output",6,"example/blend_curve.py","wikimqa","Yi-6B",TRUE,0.25,0,50,0.249157264304323,0.257189477189477,0.283065444359562,0.524185014640061,0.837888981460164,1.58561547196003,0.311963254400052,0.63691991906011,1.36329644853993,50,"2026-04-21 20:28:46","2026-04-21 20:54:49","2WikiMQA","2WikiMQA (F1)","Yi-6B",0.908586626571006,-0.0258759671700848,0.0080322128851541,1.89239327290928,0.528431385968014,-47.1568614031986,0.467191064527632,1.11558130727115
"202604212028_wikimqa_curve.output","/Users/doppler/Documents/Github/CacheBlend/outputs/202604212028_wikimqa_curve.output",7,"example/blend_curve.py","wikimqa","Yi-6B",TRUE,0.3,0,50,0.249157264304323,0.221199502252134,0.283065444359562,0.524185014640061,0.892139765859938,1.58561547196003,0.311963254400052,0.689792636939765,1.36329644853993,50,"2026-04-21 20:28:46","2026-04-21 20:54:49","2WikiMQA","2WikiMQA (F1)","Yi-6B",0.781442972499168,-0.0618659421074281,-0.0279577620521893,1.77731733595761,0.562645724412071,-43.7354275587929,0.505974058451133,1.03293793212446
"202604212028_wikimqa_curve.output","/Users/doppler/Documents/Github/CacheBlend/outputs/202604212028_wikimqa_curve.output",8,"example/blend_curve.py","wikimqa","Yi-6B",TRUE,0.35,0,50,0.249157264304323,0.215824397824398,0.283065444359562,0.524185014640061,0.959912969259894,1.58561547196003,0.311963254400052,0.759020382120016,1.36329644853993,50,"2026-04-21 20:28:46","2026-04-21 20:54:49","2WikiMQA","2WikiMQA (F1)","Yi-6B",0.762454061860862,-0.0672410465351642,-0.0333328664799253,1.65183253350828,0.605388245911423,-39.4611754088577,0.556753729486286,1.02059514020956
"202604212028_wikimqa_curve.output","/Users/doppler/Documents/Github/CacheBlend/outputs/202604212028_wikimqa_curve.output",9,"example/blend_curve.py","wikimqa","Yi-6B",TRUE,0.4,0,50,0.249157264304323,0.234699627857523,0.283065444359562,0.524185014640061,1.02186688015989,1.58561547196003,0.311963254400052,0.818903653119924,1.36329644853993,50,"2026-04-21 20:28:46","2026-04-21 20:54:49","2WikiMQA","2WikiMQA (F1)","Yi-6B",0.82913556753115,-0.0483658165020394,-0.0144576364468005,1.55168496283188,0.644460714612431,-35.5539285387568,0.600679077538092,1.06393811889525
"202604212028_wikimqa_curve.output","/Users/doppler/Documents/Github/CacheBlend/outputs/202604212028_wikimqa_curve.output",10,"example/blend_curve.py","wikimqa","Yi-6B",TRUE,0.45,0,50,0.249157264304323,0.260616377774272,0.283065444359562,0.524185014640061,1.0971655479,1.58561547196003,0.311963254400052,0.884629892099983,1.36329644853993,50,"2026-04-21 20:28:46","2026-04-21 20:54:49","2WikiMQA","2WikiMQA (F1)","Yi-6B",0.920693016287874,-0.0224490665852895,0.0114591134699494,1.4451925463709,0.691949320186542,-30.8050679813458,0.648890337129102,1.10426785181693
"202604212028_wikimqa_curve.output","/Users/doppler/Documents/Github/CacheBlend/outputs/202604212028_wikimqa_curve.output",11,"example/blend_curve.py","wikimqa","Yi-6B",TRUE,0.5,0,50,0.249157264304323,0.264252741410636,0.283065444359562,0.524185014640061,1.16255060316,1.58561547196003,0.311963254400052,0.948752579079992,1.36329644853993,50,"2026-04-21 20:28:46","2026-04-21 20:54:49","2WikiMQA","2WikiMQA (F1)","Yi-6B",0.933539387008224,-0.0188127029489258,0.015095477106313,1.36391092796311,0.733185708463688,-26.6814291536312,0.695925365386296,1.08416942634243
"202604212028_wikimqa_curve.output","/Users/doppler/Documents/Github/CacheBlend/outputs/202604212028_wikimqa_curve.output",12,"example/blend_curve.py","wikimqa","Yi-6B",TRUE,0.55,0,50,0.249157264304323,0.250631251789146,0.283065444359562,0.524185014640061,1.24193666768009,1.58561547196003,0.311963254400052,1.0126558939401,1.36329644853993,50,"2026-04-21 20:28:46","2026-04-21 20:54:49","2WikiMQA","2WikiMQA (F1)","Yi-6B",0.885418043011933,-0.0324341925704155,0.00147398748482336,1.27672812408536,0.78325211228224,-21.674788771776,0.742799480644608,1.02237657138763
"202604212028_wikimqa_curve.output","/Users/doppler/Documents/Github/CacheBlend/outputs/202604212028_wikimqa_curve.output",13,"example/blend_curve.py","wikimqa","Yi-6B",TRUE,0.6,0,50,0.249157264304323,0.271775649471302,0.283065444359562,0.524185014640061,1.32105289817997,1.58561547196003,0.311963254400052,1.08592899903988,1.36329644853993,50,"2026-04-21 20:28:46","2026-04-21 20:54:49","2WikiMQA","2WikiMQA (F1)","Yi-6B",0.96011595511489,-0.0112897948882604,0.0226183851669785,1.20026644969672,0.83314833989793,-16.685166010207,0.79654648862534,1.04416862821853
"202604212028_wikimqa_curve.output","/Users/doppler/Documents/Github/CacheBlend/outputs/202604212028_wikimqa_curve.output",14,"example/blend_curve.py","wikimqa","Yi-6B",TRUE,0.65,0,50,0.249157264304323,0.248411699411699,0.283065444359562,0.524185014640061,1.37166004055984,1.58561547196003,0.311963254400052,1.15206075879991,1.36329644853993,50,"2026-04-21 20:28:46","2026-04-21 20:54:49","2WikiMQA","2WikiMQA (F1)","Yi-6B",0.877576915026605,-0.0346537449478626,-0.000745564892623701,1.15598284201154,0.865064742881378,-13.4935257118622,0.845055204268849,0.975018989471333
"202604212028_wikimqa_curve.output","/Users/doppler/Documents/Github/CacheBlend/outputs/202604212028_wikimqa_curve.output",15,"example/blend_curve.py","wikimqa","Yi-6B",TRUE,0.7,0,50,0.249157264304323,0.268724754777386,0.283065444359562,0.524185014640061,1.44029612737992,1.58561547196003,0.311963254400052,1.22302436928007,1.36329644853993,50,"2026-04-21 20:28:46","2026-04-21 20:54:49","2WikiMQA","2WikiMQA (F1)","Yi-6B",0.949337900941524,-0.0143406895821757,0.0195674904730632,1.10089546296598,0.9083514590076,-9.16485409923997,0.897108160583785,1.00238304765009
"202604212028_wikimqa_curve.output","/Users/doppler/Documents/Github/CacheBlend/outputs/202604212028_wikimqa_curve.output",16,"example/blend_curve.py","wikimqa","Yi-6B",TRUE,0.75,0,50,0.249157264304323,0.27221681826945,0.283065444359562,0.524185014640061,1.49883392592003,1.58561547196003,0.311963254400052,1.28177256028008,1.36329644853993,50,"2026-04-21 20:28:46","2026-04-21 20:54:49","2WikiMQA","2WikiMQA (F1)","Yi-6B",0.961674495045988,-0.0108486260901121,0.0230595539651268,1.05789937399951,0.945269488362946,-5.47305116370543,0.940200909092689,0.995353202679721
"202604212028_wikimqa_curve.output","/Users/doppler/Documents/Github/CacheBlend/outputs/202604212028_wikimqa_curve.output",17,"example/blend_curve.py","wikimqa","Yi-6B",TRUE,0.8,0,50,0.249157264304323,0.276247121299753,0.283065444359562,0.524185014640061,1.56272836077997,1.58561547196003,0.311963254400052,1.34705445641999,1.36329644853993,50,"2026-04-21 20:28:46","2026-04-21 20:54:49","2WikiMQA","2WikiMQA (F1)","Yi-6B",0.975912555927709,-0.00681832305980912,0.0270898569954298,1.01464561068607,0.985565787175518,-1.44342128244817,0.988086236022008,0.989469125093135
"202604212028_wikimqa_curve.output","/Users/doppler/Documents/Github/CacheBlend/outputs/202604212028_wikimqa_curve.output",18,"example/blend_curve.py","wikimqa","Yi-6B",TRUE,0.85,0,50,0.249157264304323,0.253693861693862,0.283065444359562,0.524185014640061,1.64836842844006,1.58561547196003,0.311963254400052,1.42900033467999,1.36329644853993,50,"2026-04-21 20:28:46","2026-04-21 20:54:49","2WikiMQA","2WikiMQA (F1)","Yi-6B",0.896237484119075,-0.0293715826657003,0.0045365973895386,0.961930260615692,1.03957640272169,3.95764027216916,1.04819486342125,0.919229955892891
"202604212028_wikimqa_curve.output","/Users/doppler/Documents/Github/CacheBlend/outputs/202604212028_wikimqa_curve.output",19,"example/blend_curve.py","wikimqa","Yi-6B",TRUE,0.9,0,50,0.249157264304323,0.307217671217671,0.283065444359562,0.524185014640061,1.70632565418024,1.58561547196003,0.311963254400052,1.49734329246026,1.36329644853993,50,"2026-04-21 20:28:46","2026-04-21 20:54:49","2WikiMQA","2WikiMQA (F1)","Yi-6B",1.08532382648385,0.0241522268581092,0.0580604069133481,0.929257242353189,1.07612828226947,7.61282822694684,1.0983255285847,1.03070052203812
"202604212028_wikimqa_curve.output","/Users/doppler/Documents/Github/CacheBlend/outputs/202604212028_wikimqa_curve.output",20,"example/blend_curve.py","wikimqa","Yi-6B",TRUE,0.95,0,50,0.249157264304323,0.260177339000868,0.283065444359562,0.524185014640061,1.77144685851996,1.58561547196003,0.311963254400052,1.57278843635995,1.36329644853993,50,"2026-04-21 20:28:46","2026-04-21 20:54:49","2WikiMQA","2WikiMQA (F1)","Yi-6B",0.919142001205841,-0.0228881053586936,0.0110200746965453,0.895096267965277,1.11719826770498,11.719826770498,1.15366576216375,0.910725994571643
"202604212028_wikimqa_curve.output","/Users/doppler/Documents/Github/CacheBlend/outputs/202604212028_wikimqa_curve.output",21,"example/blend_curve.py","wikimqa","Yi-6B",TRUE,1,0,50,0.249157264304323,0.279372016872017,0.283065444359562,0.524185014640061,1.84826687208,1.58561547196003,0.311963254400052,1.64361621857994,1.36329644853993,50,"2026-04-21 20:28:46","2026-04-21 20:54:49","2WikiMQA","2WikiMQA (F1)","Yi-6B",0.986952036848223,-0.00369342748754509,0.0302147525676938,0.857893140818786,1.16564634034209,16.5646340342091,1.20561908625246,0.94178142323792
"202604212120_samsum_curve.output","/Users/doppler/Documents/Github/CacheBlend/outputs/202604212120_samsum_curve.output",1,"example/blend_curve.py","samsum","Yi-6B",TRUE,0,0,20,0.0706709028004795,0.0706709028004795,0.207778313821079,1.78383609699986,1.78218000425013,4.1292556733998,1.26643296865004,1.26255952730007,2.67332587099991,0,"2026-04-21 21:20:06","2026-04-21 21:51:03","SAMSum","SAMSum (Rouge-L)","Yi-6B",0.340126462193429,-0.137107411020599,0,2.31696891646881,0.431598366681611,-56.8401633318389,0.472280443247211,0.746082200425729
"202604212120_samsum_curve.output","/Users/doppler/Documents/Github/CacheBlend/outputs/202604212120_samsum_curve.output",2,"example/blend_curve.py","samsum","Yi-6B",TRUE,0.05,0,20,0.0706709028004795,0.0471784791943854,0.207778313821079,1.78383609699986,2.40697090219965,4.1292556733998,1.26643296865004,1.38880743799973,2.67332587099991,20,"2026-04-21 21:20:06","2026-04-21 21:51:03","SAMSum","SAMSum (Rouge-L)","Yi-6B",0.227061613537838,-0.160599834626693,-0.0234924236060941,1.71554033728709,0.582906725225343,-41.7093274774657,0.519505479322756,0.672590048799595
"202604212120_samsum_curve.output","/Users/doppler/Documents/Github/CacheBlend/outputs/202604212120_samsum_curve.output",3,"example/blend_curve.py","samsum","Yi-6B",TRUE,0.1,0,20,0.0706709028004795,0.0493916626009649,0.207778313821079,1.78383609699986,2.35023587240003,4.1292556733998,1.26643296865004,1.48486826840026,2.67332587099991,20,"2026-04-21 21:20:06","2026-04-21 21:51:03","SAMSum","SAMSum (Rouge-L)","Yi-6B",0.23771327090226,-0.158386651220114,-0.0212792401995145,1.75695372617348,0.569166953632825,-43.0833046367175,0.555438558579046,0.679513626086469
"202604212120_samsum_curve.output","/Users/doppler/Documents/Github/CacheBlend/outputs/202604212120_samsum_curve.output",4,"example/blend_curve.py","samsum","Yi-6B",TRUE,0.15,0,20,0.0706709028004795,0.084137575031192,0.207778313821079,1.78383609699986,2.5481303574501,4.1292556733998,1.26643296865004,1.58183827695011,2.67332587099991,20,"2026-04-21 21:20:06","2026-04-21 21:51:03","SAMSum","SAMSum (Rouge-L)","Yi-6B",0.404939155987397,-0.123640738789886,0.0134666722307126,1.62050409286436,0.617091931086967,-38.2908068913033,0.591711730361722,0.788210451391808
"202604212120_samsum_curve.output","/Users/doppler/Documents/Github/CacheBlend/outputs/202604212120_samsum_curve.output",5,"example/blend_curve.py","samsum","Yi-6B",TRUE,0.2,0,20,0.0706709028004795,0.114061132561133,0.207778313821079,1.78383609699986,2.74270119114972,4.1292556733998,1.26643296865004,1.71968820769971,2.67332587099991,20,"2026-04-21 21:20:06","2026-04-21 21:51:03","SAMSum","SAMSum (Rouge-L)","Yi-6B",0.54895590624223,-0.093717181259946,0.0433902297606531,1.50554339886689,0.6642120052817,-33.57879947183,0.643276686301058,0.881821339057449
"202604212120_samsum_curve.output","/Users/doppler/Documents/Github/CacheBlend/outputs/202604212120_samsum_curve.output",6,"example/blend_curve.py","samsum","Yi-6B",TRUE,0.25,0,20,0.0706709028004795,0.115331526308345,0.207778313821079,1.78383609699986,3.01409502655024,4.1292556733998,1.26643296865004,1.83018564840013,2.67332587099991,20,"2026-04-21 21:20:06","2026-04-21 21:51:03","SAMSum","SAMSum (Rouge-L)","Yi-6B",0.555070084973635,-0.0924467875127339,0.0446606235078651,1.36998191398295,0.729936643537647,-27.0063356462353,0.684610008923298,0.840289225126897
"202604212120_samsum_curve.output","/Users/doppler/Documents/Github/CacheBlend/outputs/202604212120_samsum_curve.output",7,"example/blend_curve.py","samsum","Yi-6B",TRUE,0.3,0,20,0.0706709028004795,0.20760686196739,0.207778313821079,1.78383609699986,3.30803566704999,4.1292556733998,1.26643296865004,1.92506538179987,2.67332587099991,20,"2026-04-21 21:20:06","2026-04-21 21:51:03","SAMSum","SAMSum (Rouge-L)","Yi-6B",0.999174832779538,-0.000171451853688082,0.136935959166911,1.24825004595013,0.801121540707683,-19.8878459292317,0.720101280088175,1.08635115738924
"202604212120_samsum_curve.output","/Users/doppler/Documents/Github/CacheBlend/outputs/202604212120_samsum_curve.output",8,"example/blend_curve.py","samsum","Yi-6B",TRUE,0.35,0,20,0.0706709028004795,0.222181829584187,0.207778313821079,1.78383609699986,3.48440687644979,4.1292556733998,1.26643296865004,2.04305861635012,2.67332587099991,20,"2026-04-21 21:20:06","2026-04-21 21:51:03","SAMSum","SAMSum (Rouge-L)","Yi-6B",1.06932155477742,0.0144035157631081,0.151510926783707,1.18506701995923,0.843834131874165,-15.6165868125835,0.764238523448677,1.10983246759105
"202604212120_samsum_curve.output","/Users/doppler/Documents/Github/CacheBlend/outputs/202604212120_samsum_curve.output",9,"example/blend_curve.py","samsum","Yi-6B",TRUE,0.4,0,20,0.0706709028004795,0.190001412432326,0.207778313821079,1.78383609699986,3.41515987989978,4.1292556733998,1.26643296865004,2.18015480444974,2.67332587099991,20,"2026-04-21 21:20:06","2026-04-21 21:51:03","SAMSum","SAMSum (Rouge-L)","Yi-6B",0.914442941316481,-0.0177769013887527,0.119330509631846,1.20909586040258,0.827064282286964,-17.2935717713036,0.815521529978796,1.01757146299662
"202604212120_samsum_curve.output","/Users/doppler/Documents/Github/CacheBlend/outputs/202604212120_samsum_curve.output",10,"example/blend_curve.py","samsum","Yi-6B",TRUE,0.45,0,20,0.0706709028004795,0.163074004210479,0.207778313821079,1.78383609699986,3.51160752334981,4.1292556733998,1.26643296865004,2.29811612014973,2.67332587099991,20,"2026-04-21 21:20:06","2026-04-21 21:51:03","SAMSum","SAMSum (Rouge-L)","Yi-6B",0.784846123791845,-0.0447043096105995,0.0924031014099996,1.17588758024439,0.850421432116977,-14.9578567883023,0.859646833586423,0.921710633550236
"202604212120_samsum_curve.output","/Users/doppler/Documents/Github/CacheBlend/outputs/202604212120_samsum_curve.output",11,"example/blend_curve.py","samsum","Yi-6B",TRUE,0.5,0,20,0.0706709028004795,0.170762423507758,0.207778313821079,1.78383609699986,3.61525011804997,4.1292556733998,1.26643296865004,2.40786031250018,2.67332587099991,20,"2026-04-21 21:20:06","2026-04-21 21:51:03","SAMSum","SAMSum (Rouge-L)","Yi-6B",0.821849115855299,-0.0370158903133202,0.100091520707279,1.1421770385356,0.875521014922617,-12.4478985077383,0.90069839170021,0.933963888793405
"202604212120_samsum_curve.output","/Users/doppler/Documents/Github/CacheBlend/outputs/202604212120_samsum_curve.output",12,"example/blend_curve.py","samsum","Yi-6B",TRUE,0.55,0,20,0.0706709028004795,0.172527614480687,0.207778313821079,1.78383609699986,3.73699066914996,4.1292556733998,1.26643296865004,2.52731137705014,2.67332587099991,20,"2026-04-21 21:20:06","2026-04-21 21:51:03","SAMSum","SAMSum (Rouge-L)","Yi-6B",0.8303446654652,-0.0352506993403916,0.101856711680207,1.10496815191114,0.905003459394204,-9.49965406057962,0.945380959525464,0.926462885721279
"202604212120_samsum_curve.output","/Users/doppler/Documents/Github/CacheBlend/outputs/202604212120_samsum_curve.output",13,"example/blend_curve.py","samsum","Yi-6B",TRUE,0.6,0,20,0.0706709028004795,0.180381338213833,0.207778313821079,1.78383609699986,3.96644771574993,4.1292556733998,1.26643296865004,2.66491828635008,2.67332587099991,20,"2026-04-21 21:20:06","2026-04-21 21:51:03","SAMSum","SAMSum (Rouge-L)","Yi-6B",0.868143238322565,-0.0273969756072453,0.109710435413354,1.04104628859808,0.960572081138336,-3.94279188616643,0.996855009431871,0.928659305918996
"202604212120_samsum_curve.output","/Users/doppler/Documents/Github/CacheBlend/outputs/202604212120_samsum_curve.output",14,"example/blend_curve.py","samsum","Yi-6B",TRUE,0.65,0,20,0.0706709028004795,0.204095390293569,0.207778313821079,1.78383609699986,4.20588800365003,4.1292556733998,1.26643296865004,2.81661163569988,2.67332587099991,20,"2026-04-21 21:20:06","2026-04-21 21:51:03","SAMSum","SAMSum (Rouge-L)","Yi-6B",0.982274745329388,-0.00368292352750907,0.13342448749309,0.981779750154135,1.01855838831775,1.85583883177514,1.05359831596078,0.982101497018049
"202604212120_samsum_curve.output","/Users/doppler/Documents/Github/CacheBlend/outputs/202604212120_samsum_curve.output",15,"example/blend_curve.py","samsum","Yi-6B",TRUE,0.7,0,20,0.0706709028004795,0.154271393190242,0.207778313821079,1.78383609699986,4.05751626170031,4.1292556733998,1.26643296865004,2.95024315300034,2.67332587099991,20,"2026-04-21 21:20:06","2026-04-21 21:51:03","SAMSum","SAMSum (Rouge-L)","Yi-6B",0.74248072550578,-0.0535069206308365,0.0836004903897626,1.0176806221029,0.982626551278569,-1.73734487214312,1.10358530735232,0.838800689314772
"202604212120_samsum_curve.output","/Users/doppler/Documents/Github/CacheBlend/outputs/202604212120_samsum_curve.output",16,"example/blend_curve.py","samsum","Yi-6B",TRUE,0.75,0,20,0.0706709028004795,0.153045661400925,0.207778313821079,1.78383609699986,4.21217279465027,4.1292556733998,1.26643296865004,3.10330020975016,2.67332587099991,20,"2026-04-21 21:20:06","2026-04-21 21:51:03","SAMSum","SAMSum (Rouge-L)","Yi-6B",0.73658149681932,-0.054732652420154,0.0823747586004451,0.980314881346801,1.0200804037843,2.00804037842968,1.1608387302927,0.821888181403939
"202604212120_samsum_curve.output","/Users/doppler/Documents/Github/CacheBlend/outputs/202604212120_samsum_curve.output",17,"example/blend_curve.py","samsum","Yi-6B",TRUE,0.8,0,20,0.0706709028004795,0.153719673234107,0.207778313821079,1.78383609699986,4.49381026944984,4.1292556733998,1.26643296865004,3.24594612094997,2.67332587099991,20,"2026-04-21 21:20:06","2026-04-21 21:51:03","SAMSum","SAMSum (Rouge-L)","Yi-6B",0.739825395668953,-0.0540586405869712,0.0830487704336279,0.918876282221263,1.08828578922794,8.82857892279372,1.21419769888955,0.802493205962262
"202604212120_samsum_curve.output","/Users/doppler/Documents/Github/CacheBlend/outputs/202604212120_samsum_curve.output",18,"example/blend_curve.py","samsum","Yi-6B",TRUE,0.85,0,20,0.0706709028004795,0.139228434990725,0.207778313821079,1.78383609699986,4.63927810990008,4.1292556733998,1.26643296865004,3.38603637920014,2.67332587099991,20,"2026-04-21 21:20:06","2026-04-21 21:51:03","SAMSum","SAMSum (Rouge-L)","Yi-6B",0.670081648225409,-0.068549878830354,0.0685575321902451,0.890064267668734,1.12351437567448,12.3514375674479,1.26660068491151,0.747075565030573
"202604212120_samsum_curve.output","/Users/doppler/Documents/Github/CacheBlend/outputs/202604212120_samsum_curve.output",19,"example/blend_curve.py","samsum","Yi-6B",TRUE,0.9,0,20,0.0706709028004795,0.112526904114192,0.207778313821079,1.78383609699986,4.89758802924989,4.1292556733998,1.26643296865004,3.55950416749974,2.67332587099991,20,"2026-04-21 21:20:06","2026-04-21 21:51:03","SAMSum","SAMSum (Rouge-L)","Yi-6B",0.541571938114247,-0.0952514097068868,0.0418560013137123,0.843120256080876,1.18607042445921,18.6070424459207,1.33148906615278,0.647113849402567
"202604212120_samsum_curve.output","/Users/doppler/Documents/Github/CacheBlend/outputs/202604212120_samsum_curve.output",20,"example/blend_curve.py","samsum","Yi-6B",TRUE,0.95,0,20,0.0706709028004795,0.0993099396752044,0.207778313821079,1.78383609699986,5.03370137619977,4.1292556733998,1.26643296865004,3.69903066170009,2.67332587099991,20,"2026-04-21 21:20:06","2026-04-21 21:51:03","SAMSum","SAMSum (Rouge-L)","Yi-6B",0.477961043425937,-0.108468374145874,0.028639036874725,0.820321939025556,1.21903359208932,21.9033592089321,1.38368116727817,0.597787356885803
"202604212120_samsum_curve.output","/Users/doppler/Documents/Github/CacheBlend/outputs/202604212120_samsum_curve.output",21,"example/blend_curve.py","samsum","Yi-6B",TRUE,1,0,20,0.0706709028004795,0.111874544950035,0.207778313821079,1.78383609699986,5.28561043504988,4.1292556733998,1.26643296865004,3.87761173054996,2.67332587099991,20,"2026-04-21 21:20:06","2026-04-21 21:51:03","SAMSum","SAMSum (Rouge-L)","Yi-6B",0.538432249702308,-0.095903768871043,0.041203642149556,0.781225881880725,1.28003951634654,28.0039516346537,1.45048225231876,0.623410020964754
"202604212227_musique_curve.output","/Users/doppler/Documents/Github/CacheBlend/outputs/202604212227_musique_curve.output",1,"example/blend_curve.py","musique","Qwen2.5-1.5B",TRUE,0,0,50,0.0974065186021708,0.0974065186021708,0.238017495914048,0.784613194180165,0.898999847799969,1.21345558822013,0.263565747940265,0.259090848540036,0.515070243940172,0,"2026-04-21 22:27:17","2026-04-21 22:48:19","Musique","Musique (F1)","Qwen2.5-1.5B",0.409241002339366,-0.140610977311877,0,1.34978397514716,0.740859291866298,-25.9140708133702,0.50302041631846,0.738431042822093
"202604212227_musique_curve.output","/Users/doppler/Documents/Github/CacheBlend/outputs/202604212227_musique_curve.output",2,"example/blend_curve.py","musique","Qwen2.5-1.5B",TRUE,0.05,0,50,0.0974065186021708,0.0973803115198091,0.238017495914048,0.784613194180165,0.81729336974,1.21345558822013,0.263565747940265,0.287302334940068,0.515070243940172,50,"2026-04-21 22:27:17","2026-04-21 22:48:19","Musique","Musique (F1)","Qwen2.5-1.5B",0.409130896642047,-0.140637184394239,-2.62070823616456e-05,1.48472462049479,0.673525572484105,-32.6474427515895,0.557792530863887,0.785588699990508
"202604212227_musique_curve.output","/Users/doppler/Documents/Github/CacheBlend/outputs/202604212227_musique_curve.output",3,"example/blend_curve.py","musique","Qwen2.5-1.5B",TRUE,0.1,0,50,0.0974065186021708,0.0895949702101451,0.238017495914048,0.784613194180165,0.907154605459982,1.21345558822013,0.263565747940265,0.30016177847996,0.515070243940172,50,"2026-04-21 22:27:17","2026-04-21 22:48:19","Musique","Musique (F1)","Qwen2.5-1.5B",0.376421783054551,-0.148422525703903,-0.00781154839202569,1.3376502537898,0.747579568849797,-25.2420431150203,0.582758918829769,0.712851747811888
"202604212227_musique_curve.output","/Users/doppler/Documents/Github/CacheBlend/outputs/202604212227_musique_curve.output",4,"example/blend_curve.py","musique","Qwen2.5-1.5B",TRUE,0.15,0,50,0.0974065186021708,0.0809894916307534,0.238017495914048,0.784613194180165,0.952318091499874,1.21345558822013,0.263565747940265,0.310115717519839,0.515070243940172,50,"2026-04-21 22:27:17","2026-04-21 22:48:19","Musique","Musique (F1)","Qwen2.5-1.5B",0.34026696785349,-0.157028004283294,-0.0164170269714173,1.27421247065565,0.784798472020482,-21.5201527979518,0.602084319892997,0.667147893834247
"202604212227_musique_curve.output","/Users/doppler/Documents/Github/CacheBlend/outputs/202604212227_musique_curve.output",5,"example/blend_curve.py","musique","Qwen2.5-1.5B",TRUE,0.2,0,50,0.0974065186021708,0.076372821082456,0.238017495914048,0.784613194180165,0.868822883460052,1.21345558822013,0.263565747940265,0.328583689159932,0.515070243940172,50,"2026-04-21 22:27:17","2026-04-21 22:48:19","Musique","Musique (F1)","Qwen2.5-1.5B",0.320870618309654,-0.161644674831592,-0.0210336975197148,1.39666623810321,0.715990673160459,-28.4009326839541,0.637939568487475,0.697399085237397
"202604212227_musique_curve.output","/Users/doppler/Documents/Github/CacheBlend/outputs/202604212227_musique_curve.output",6,"example/blend_curve.py","musique","Qwen2.5-1.5B",TRUE,0.25,0,50,0.0974065186021708,0.071923326132961,0.238017495914048,0.784613194180165,0.881333586139917,1.21345558822013,0.263565747940265,0.338977507799864,0.515070243940172,50,"2026-04-21 22:27:17","2026-04-21 22:48:19","Musique","Musique (F1)","Qwen2.5-1.5B",0.302176635615618,-0.166094169781087,-0.0254831924692097,1.37684028760875,0.726300653024011,-27.3699346975989,0.658118988211708,0.678308913813213
"202604212227_musique_curve.output","/Users/doppler/Documents/Github/CacheBlend/outputs/202604212227_musique_curve.output",7,"example/blend_curve.py","musique","Qwen2.5-1.5B",TRUE,0.3,0,50,0.0974065186021708,0.0730242698969454,0.238017495914048,0.784613194180165,0.93775404100008,1.21345558822013,0.263565747940265,0.356587247720054,0.515070243940172,50,"2026-04-21 22:27:17","2026-04-21 22:48:19","Musique","Musique (F1)","Qwen2.5-1.5B",0.306802109721026,-0.164993226017102,-0.0243822487052253,1.2940019825732,0.772796343025258,-22.7203656974742,0.692307994715907,0.652322065219286
"202604212227_musique_curve.output","/Users/doppler/Documents/Github/CacheBlend/outputs/202604212227_musique_curve.output",8,"example/blend_curve.py","musique","Qwen2.5-1.5B",TRUE,0.35,0,50,0.0974065186021708,0.117683132669107,0.238017495914048,0.784613194180165,0.969966336459838,1.21345558822013,0.263565747940265,0.370665314839935,0.515070243940172,50,"2026-04-21 22:27:17","2026-04-21 22:48:19","Musique","Musique (F1)","Qwen2.5-1.5B",0.494430597285188,-0.12033436324494,0.0202766140669367,1.25102855904152,0.799342263430145,-20.0657736569855,0.719640319356109,0.759239883899903
"202604212227_musique_curve.output","/Users/doppler/Documents/Github/CacheBlend/outputs/202604212227_musique_curve.output",9,"example/blend_curve.py","musique","Qwen2.5-1.5B",TRUE,0.4,0,50,0.0974065186021708,0.143546337807249,0.238017495914048,0.784613194180165,0.984766016139947,1.21345558822013,0.263565747940265,0.391297339959965,0.515070243940172,50,"2026-04-21 22:27:17","2026-04-21 22:48:19","Musique","Musique (F1)","Qwen2.5-1.5B",0.603091538527427,-0.094471158106799,0.0461398192050778,1.23222731931448,0.811538572733741,-18.8461427266259,0.75969704047865,0.823289061802897
"202604212227_musique_curve.output","/Users/doppler/Documents/Github/CacheBlend/outputs/202604212227_musique_curve.output",10,"example/blend_curve.py","musique","Qwen2.5-1.5B",TRUE,0.45,0,50,0.0974065186021708,0.160814695108813,0.238017495914048,0.784613194180165,1.18354147821981,1.21345558822013,0.263565747940265,0.403207096319966,0.515070243940172,50,"2026-04-21 22:27:17","2026-04-21 22:48:19","Musique","Musique (F1)","Qwen2.5-1.5B",0.675642328271892,-0.0772028008052349,0.063408176506642,1.02527508376412,0.975347997659976,-2.46520023400243,0.782819627155166,0.798013792694173
"202604212227_musique_curve.output","/Users/doppler/Documents/Github/CacheBlend/outputs/202604212227_musique_curve.output",11,"example/blend_curve.py","musique","Qwen2.5-1.5B",TRUE,0.5,0,50,0.0974065186021708,0.126190476190476,0.238017495914048,0.784613194180165,1.18886350906003,1.21345558822013,0.263565747940265,0.416290543959949,0.515070243940172,50,"2026-04-21 22:27:17","2026-04-21 22:48:19","Musique","Musique (F1)","Qwen2.5-1.5B",0.530173110618918,-0.111827019723571,0.0287839575883054,1.02068536797765,0.979733844898128,-2.02661551018716,0.808220915220067,0.701852400694473
"202604212227_musique_curve.output","/Users/doppler/Documents/Github/CacheBlend/outputs/202604212227_musique_curve.output",12,"example/blend_curve.py","musique","Qwen2.5-1.5B",TRUE,0.55,0,50,0.0974065186021708,0.144099567099567,0.238017495914048,0.784613194180165,1.21604884487995,1.21345558822013,0.263565747940265,0.431142487379984,0.515070243940172,50,"2026-04-21 22:27:17","2026-04-21 22:48:19","Musique","Musique (F1)","Qwen2.5-1.5B",0.605415860486172,-0.0939179288144806,0.0466930484973963,0.997867473275651,1.00213708411333,0.213708411333302,0.837055707357196,0.74277392496249
"202604212227_musique_curve.output","/Users/doppler/Documents/Github/CacheBlend/outputs/202604212227_musique_curve.output",13,"example/blend_curve.py","musique","Qwen2.5-1.5B",TRUE,0.6,0,50,0.0974065186021708,0.146,0.238017495914048,0.784613194180165,1.18210882463994,1.21345558822013,0.263565747940265,0.456033078959954,0.515070243940172,50,"2026-04-21 22:27:17","2026-04-21 22:48:19","Musique","Musique (F1)","Qwen2.5-1.5B",0.61340028571985,-0.0920174959140476,0.0485934813978292,1.02651766311764,0.9741673581757,-2.58326418243003,0.885380361853954,0.757991367809075
"202604212227_musique_curve.output","/Users/doppler/Documents/Github/CacheBlend/outputs/202604212227_musique_curve.output",14,"example/blend_curve.py","musique","Qwen2.5-1.5B",TRUE,0.65,0,50,0.0974065186021708,0.126856209150327,0.238017495914048,0.784613194180165,1.12230185717999,1.21345558822013,0.263565747940265,0.475172195839914,0.515070243940172,50,"2026-04-21 22:27:17","2026-04-21 22:48:19","Musique","Musique (F1)","Qwen2.5-1.5B",0.532970102316079,-0.111161286763721,0.029449690548156,1.08122033342187,0.924880867561175,-7.51191324388247,0.922538627362654,0.724857683203105
"202604212227_musique_curve.output","/Users/doppler/Documents/Github/CacheBlend/outputs/202604212227_musique_curve.output",15,"example/blend_curve.py","musique","Qwen2.5-1.5B",TRUE,0.7,0,50,0.0974065186021708,0.156156947627536,0.238017495914048,0.784613194180165,1.07357114634004,1.21345558822013,0.263565747940265,0.490506540940114,0.515070243940172,50,"2026-04-21 22:27:17","2026-04-21 22:48:19","Musique","Musique (F1)","Qwen2.5-1.5B",0.656073399259384,-0.0818605482865118,0.0587504290253651,1.13029825024357,0.884722240156087,-11.5277759843913,0.952309994046344,0.822052097103851
"202604212227_musique_curve.output","/Users/doppler/Documents/Github/CacheBlend/outputs/202604212227_musique_curve.output",16,"example/blend_curve.py","musique","Qwen2.5-1.5B",TRUE,0.75,0,50,0.0974065186021708,0.181555555555556,0.238017495914048,0.784613194180165,1.00574487133996,1.21345558822013,0.263565747940265,0.501478956020001,0.515070243940172,50,"2026-04-21 22:27:17","2026-04-21 22:48:19","Musique","Musique (F1)","Qwen2.5-1.5B",0.762782394875369,-0.0564619403584921,0.0841490369533848,1.20652426156888,0.82882709602513,-17.117290397487,0.973612748785095,0.918092048218098
"202604212227_musique_curve.output","/Users/doppler/Documents/Github/CacheBlend/outputs/202604212227_musique_curve.output",17,"example/blend_curve.py","musique","Qwen2.5-1.5B",TRUE,0.8,0,50,0.0974065186021708,0.162153804050356,0.238017495914048,0.784613194180165,1.05497493408009,1.21345558822013,0.263565747940265,0.517055686140011,0.515070243940172,50,"2026-04-21 22:27:17","2026-04-21 22:48:19","Musique","Musique (F1)","Qwen2.5-1.5B",0.6812684228428,-0.0758636918636919,0.064747285448185,1.15022219867075,0.86939723573032,-13.060276426968,1.00385470180659,0.845402244382582
"202604212227_musique_curve.output","/Users/doppler/Documents/Github/CacheBlend/outputs/202604212227_musique_curve.output",18,"example/blend_curve.py","musique","Qwen2.5-1.5B",TRUE,0.85,0,50,0.0974065186021708,0.199764448308059,0.238017495914048,0.784613194180165,1.00914546216005,1.21345558822013,0.263565747940265,0.534112706620035,0.515070243940172,50,"2026-04-21 22:27:17","2026-04-21 22:48:19","Musique","Musique (F1)","Qwen2.5-1.5B",0.83928472375912,-0.0382530476059888,0.102357929705888,1.20245854906067,0.831629498398241,-16.8370501601759,1.03697061304531,0.966395562614662
"202604212227_musique_curve.output","/Users/doppler/Documents/Github/CacheBlend/outputs/202604212227_musique_curve.output",19,"example/blend_curve.py","musique","Qwen2.5-1.5B",TRUE,0.9,0,50,0.0974065186021708,0.236147921044473,0.238017495914048,0.784613194180165,1.05234752342007,1.21345558822013,0.263565747940265,0.560257220639978,0.515070243940172,50,"2026-04-21 22:27:17","2026-04-21 22:48:19","Musique","Musique (F1)","Qwen2.5-1.5B",0.99214522082759,-0.0018695748695749,0.138741402442302,1.1530939743902,0.867232005551704,-13.2767994448296,1.08772973634457,1.0484772845745
"202604212227_musique_curve.output","/Users/doppler/Documents/Github/CacheBlend/outputs/202604212227_musique_curve.output",20,"example/blend_curve.py","musique","Qwen2.5-1.5B",TRUE,0.95,0,50,0.0974065186021708,0.245337900655505,0.238017495914048,0.784613194180165,1.07811652262004,1.21345558822013,0.263565747940265,0.581800774199983,0.515070243940172,50,"2026-04-21 22:27:17","2026-04-21 22:48:19","Musique","Musique (F1)","Qwen2.5-1.5B",1.03075574219175,0.00732040474145737,0.147931382053334,1.12553287400808,0.888468051971639,-11.1531948028361,1.1295561742207,1.06392773832746
"202604212227_musique_curve.output","/Users/doppler/Documents/Github/CacheBlend/outputs/202604212227_musique_curve.output",21,"example/blend_curve.py","musique","Qwen2.5-1.5B",TRUE,1,0,50,0.0974065186021708,0.248689471281675,0.238017495914048,0.784613194180165,1.01488215965997,1.21345558822013,0.263565747940265,0.59785011273998,0.515070243940172,50,"2026-04-21 22:27:17","2026-04-21 22:48:19","Musique","Musique (F1)","Qwen2.5-1.5B",1.04483693657327,0.0106719753676276,0.151282952679504,1.19566156195581,0.836357069440489,-16.3642930559511,1.16071568834293,1.09762555545716
"202604212250_wikimqa_curve.output","/Users/doppler/Documents/Github/CacheBlend/outputs/202604212250_wikimqa_curve.output",1,"example/blend_curve.py","wikimqa","Qwen2.5-1.5B",TRUE,0,0,50,0.198012121212121,0.198012121212121,0.427256854256854,0.598540962919978,0.847573895799724,1.09170241810007,0.247253066700068,0.26594657200003,0.491587692399917,0,"2026-04-21 22:50:07","2026-04-21 23:09:13","2WikiMQA","2WikiMQA (F1)","Qwen2.5-1.5B",0.463449841095076,-0.229244733044733,0,1.28803213915643,0.776378142749551,-22.3621857250449,0.540995179724062,0.75205364541655
"202604212250_wikimqa_curve.output","/Users/doppler/Documents/Github/CacheBlend/outputs/202604212250_wikimqa_curve.output",2,"example/blend_curve.py","wikimqa","Qwen2.5-1.5B",TRUE,0.05,0,50,0.198012121212121,0.168937265632918,0.427256854256854,0.598540962919978,0.802765789179575,1.09170241810007,0.247253066700068,0.293670217179642,0.491587692399917,50,"2026-04-21 22:50:07","2026-04-21 23:09:13","2WikiMQA","2WikiMQA (F1)","Qwen2.5-1.5B",0.395399778727383,-0.258319588623937,-0.0290748555792034,1.3599264353502,0.735333893073774,-26.4666106926226,0.597391313329984,0.732984108545367
"202604212250_wikimqa_curve.output","/Users/doppler/Documents/Github/CacheBlend/outputs/202604212250_wikimqa_curve.output",3,"example/blend_curve.py","wikimqa","Qwen2.5-1.5B",TRUE,0.1,0,50,0.198012121212121,0.22252380952381,0.427256854256854,0.598540962919978,0.84513699321993,1.09170241810007,0.247253066700068,0.304759806259899,0.491587692399917,50,"2026-04-21 22:50:07","2026-04-21 23:09:13","2WikiMQA","2WikiMQA (F1)","Qwen2.5-1.5B",0.520819753520056,-0.204733044733045,0.0245116883116883,1.29174610371833,0.774145938680575,-22.5854061319425,0.619950033272946,0.790643976089451
"202604212250_wikimqa_curve.output","/Users/doppler/Documents/Github/CacheBlend/outputs/202604212250_wikimqa_curve.output",4,"example/blend_curve.py","wikimqa","Qwen2.5-1.5B",TRUE,0.15,0,50,0.198012121212121,0.220571428571429,0.427256854256854,0.598540962919978,0.830343366220186,1.09170241810007,0.247253066700068,0.320493823280303,0.491587692399917,50,"2026-04-21 22:50:07","2026-04-21 23:09:13","2WikiMQA","2WikiMQA (F1)","Qwen2.5-1.5B",0.516250181533255,-0.206685425685426,0.0225593073593074,1.31476020946565,0.760594968421216,-23.9405031578784,0.651956564892139,0.795728691309594
"202604212250_wikimqa_curve.output","/Users/doppler/Documents/Github/CacheBlend/outputs/202604212250_wikimqa_curve.output",5,"example/blend_curve.py","wikimqa","Qwen2.5-1.5B",TRUE,0.2,0,50,0.198012121212121,0.179238095238095,0.427256854256854,0.598540962919978,0.838066656699957,1.09170241810007,0.247253066700068,0.336326121259772,0.491587692399917,50,"2026-04-21 22:50:07","2026-04-21 23:09:13","2WikiMQA","2WikiMQA (F1)","Qwen2.5-1.5B",0.419508998983414,-0.248018759018759,-0.0187740259740259,1.30264389994806,0.767669506639435,-23.2330493360565,0.684163022100569,0.728606214321041
"202604212250_wikimqa_curve.output","/Users/doppler/Documents/Github/CacheBlend/outputs/202604212250_wikimqa_curve.output",6,"example/blend_curve.py","wikimqa","Qwen2.5-1.5B",TRUE,0.25,0,50,0.198012121212121,0.201487179487179,0.427256854256854,0.598540962919978,0.85058172495992,1.09170241810007,0.247253066700068,0.350326409399713,0.491587692399917,50,"2026-04-21 22:50:07","2026-04-21 23:09:13","2WikiMQA","2WikiMQA (F1)","Qwen2.5-1.5B",0.471583258360207,-0.225769674769675,0.00347505827505828,1.28347739677984,0.779133315872123,-22.0866684127877,0.712642758994697,0.75574620680708
"202604212250_wikimqa_curve.output","/Users/doppler/Documents/Github/CacheBlend/outputs/202604212250_wikimqa_curve.output",7,"example/blend_curve.py","wikimqa","Qwen2.5-1.5B",TRUE,0.3,0,50,0.198012121212121,0.247881118881119,0.427256854256854,0.598540962919978,0.943355725199835,1.09170241810007,0.247253066700068,0.369958961199882,0.491587692399917,50,"2026-04-21 22:50:07","2026-04-21 23:09:13","2WikiMQA","2WikiMQA (F1)","Qwen2.5-1.5B",0.580168852556547,-0.179375735375735,0.0498689976689977,1.15725424560158,0.864114349807519,-13.5885650192481,0.752579787735842,0.782148740122308
"202604212250_wikimqa_curve.output","/Users/doppler/Documents/Github/CacheBlend/outputs/202604212250_wikimqa_curve.output",8,"example/blend_curve.py","wikimqa","Qwen2.5-1.5B",TRUE,0.35,0,50,0.198012121212121,0.272987012987013,0.427256854256854,0.598540962919978,0.962621869659706,1.09170241810007,0.247253066700068,0.381832410399693,0.491587692399917,50,"2026-04-21 22:50:07","2026-04-21 23:09:13","2WikiMQA","2WikiMQA (F1)","Qwen2.5-1.5B",0.638929511059175,-0.154269841269841,0.0749748917748918,1.13409268219305,0.881762148457081,-11.8237851542919,0.776733055572645,0.812236620956032
"202604212250_wikimqa_curve.output","/Users/doppler/Documents/Github/CacheBlend/outputs/202604212250_wikimqa_curve.output",9,"example/blend_curve.py","wikimqa","Qwen2.5-1.5B",TRUE,0.4,0,50,0.198012121212121,0.318047619047619,0.427256854256854,0.598540962919978,1.06133989247992,1.09170241810007,0.247253066700068,0.403343317459985,0.491587692399917,50,"2026-04-21 22:50:07","2026-04-21 23:09:13","2WikiMQA","2WikiMQA (F1)","Qwen2.5-1.5B",0.744394421947455,-0.109209235209235,0.120035497835498,1.02860773050677,0.972187910261306,-2.78120897386942,0.820491081643795,0.843869079943215
"202604212250_wikimqa_curve.output","/Users/doppler/Documents/Github/CacheBlend/outputs/202604212250_wikimqa_curve.output",10,"example/blend_curve.py","wikimqa","Qwen2.5-1.5B",TRUE,0.45,0,50,0.198012121212121,0.34575,0.427256854256854,0.598540962919978,1.00779865411994,1.09170241810007,0.247253066700068,0.416738994900006,0.491587692399917,50,"2026-04-21 22:50:07","2026-04-21 23:09:13","2WikiMQA","2WikiMQA (F1)","Qwen2.5-1.5B",0.809232190321153,-0.0815068542568543,0.147737878787879,1.08325449100088,0.923144107231946,-7.68558927680545,0.847740904304375,0.905139995559057
"202604212250_wikimqa_curve.output","/Users/doppler/Documents/Github/CacheBlend/outputs/202604212250_wikimqa_curve.output",11,"example/blend_curve.py","wikimqa","Qwen2.5-1.5B",TRUE,0.5,0,50,0.198012121212121,0.316047619047619,0.427256854256854,0.598540962919978,0.972760557479996,1.09170241810007,0.247253066700068,0.430482253979753,0.491587692399917,50,"2026-04-21 22:50:07","2026-04-21 23:09:13","2WikiMQA","2WikiMQA (F1)","Qwen2.5-1.5B",0.739713396985366,-0.111209235209235,0.118035497835498,1.12227249522554,0.891049191933577,-10.8950808066423,0.875697786244712,0.873609081369428
"202604212250_wikimqa_curve.output","/Users/doppler/Documents/Github/CacheBlend/outputs/202604212250_wikimqa_curve.output",12,"example/blend_curve.py","wikimqa","Qwen2.5-1.5B",TRUE,0.55,0,50,0.198012121212121,0.326636363636364,0.427256854256854,0.598540962919978,0.92040153960017,1.09170241810007,0.247253066700068,0.448407360960191,0.491587692399917,50,"2026-04-21 22:50:07","2026-04-21 23:09:13","2WikiMQA","2WikiMQA (F1)","Qwen2.5-1.5B",0.764496485853915,-0.100620490620491,0.128624242424242,1.18611537587639,0.843088303497561,-15.6911696502439,0.912161487955647,0.912063097361783
"202604212250_wikimqa_curve.output","/Users/doppler/Documents/Github/CacheBlend/outputs/202604212250_wikimqa_curve.output",13,"example/blend_curve.py","wikimqa","Qwen2.5-1.5B",TRUE,0.6,0,50,0.198012121212121,0.292771111241699,0.427256854256854,0.598540962919978,0.956779160620172,1.09170241810007,0.247253066700068,0.472697280100001,0.491587692399917,50,"2026-04-21 22:50:07","2026-04-21 23:09:13","2WikiMQA","2WikiMQA (F1)","Qwen2.5-1.5B",0.68523443995048,-0.134485743015155,0.0947589900295783,1.14101818165902,0.876410223845883,-12.3589776154117,0.961572650023655,0.844758749548467
"202604212250_wikimqa_curve.output","/Users/doppler/Documents/Github/CacheBlend/outputs/202604212250_wikimqa_curve.output",14,"example/blend_curve.py","wikimqa","Qwen2.5-1.5B",TRUE,0.65,0,50,0.198012121212121,0.338906227106227,0.427256854256854,0.598540962919978,0.980440667079711,1.09170241810007,0.247253066700068,0.489774696899949,0.491587692399917,50,"2026-04-21 22:50:07","2026-04-21 23:09:13","2WikiMQA","2WikiMQA (F1)","Qwen2.5-1.5B",0.793214254445843,-0.0883506271506272,0.140894105894106,1.11348137093472,0.898084176442524,-10.1915823557476,0.996311959131612,0.90530774521695
"202604212250_wikimqa_curve.output","/Users/doppler/Documents/Github/CacheBlend/outputs/202604212250_wikimqa_curve.output",15,"example/blend_curve.py","wikimqa","Qwen2.5-1.5B",TRUE,0.7,0,50,0.198012121212121,0.352066615737204,0.427256854256854,0.598540962919978,1.02504461116023,1.09170241810007,0.247253066700068,0.503644123520171,0.491587692399917,50,"2026-04-21 22:50:07","2026-04-21 23:09:13","2WikiMQA","2WikiMQA (F1)","Qwen2.5-1.5B",0.824016308292042,-0.0751902385196503,0.154054494525083,1.06502917650032,0.938941413122593,-6.10585868774071,1.02452549424375,0.908370812164938
"202604212250_wikimqa_curve.output","/Users/doppler/Documents/Github/CacheBlend/outputs/202604212250_wikimqa_curve.output",16,"example/blend_curve.py","wikimqa","Qwen2.5-1.5B",TRUE,0.75,0,50,0.198012121212121,0.336969934640523,0.427256854256854,0.598540962919978,1.00210612040002,1.09170241810007,0.247253066700068,0.515295573920121,0.491587692399917,50,"2026-04-21 22:50:07","2026-04-21 23:09:13","2WikiMQA","2WikiMQA (F1)","Qwen2.5-1.5B",0.78868233776291,-0.0902869196163314,0.138957813428402,1.08940799370059,0.917929743293989,-8.20702567060109,1.04822716655997,0.893936317341097
"202604212250_wikimqa_curve.output","/Users/doppler/Documents/Github/CacheBlend/outputs/202604212250_wikimqa_curve.output",17,"example/blend_curve.py","wikimqa","Qwen2.5-1.5B",TRUE,0.8,0,50,0.198012121212121,0.369150649350649,0.427256854256854,0.598540962919978,0.955844339020296,1.09170241810007,0.247253066700068,0.531460106940031,0.491587692399917,50,"2026-04-21 22:50:07","2026-04-21 23:09:13","2WikiMQA","2WikiMQA (F1)","Qwen2.5-1.5B",0.864001702190895,-0.0581062049062049,0.171138528138528,1.14213410440765,0.875553926759446,-12.4446073240554,1.08110946461141,0.961348042966759
"202604212250_wikimqa_curve.output","/Users/doppler/Documents/Github/CacheBlend/outputs/202604212250_wikimqa_curve.output",18,"example/blend_curve.py","wikimqa","Qwen2.5-1.5B",TRUE,0.85,0,50,0.198012121212121,0.311675901875902,0.427256854256854,0.598540962919978,0.998379070639894,1.09170241810007,0.247253066700068,0.550234634160042,0.491587692399917,50,"2026-04-21 22:50:07","2026-04-21 23:09:13","2WikiMQA","2WikiMQA (F1)","Qwen2.5-1.5B",0.729481338381365,-0.115580952380952,0.113663780663781,1.09347486361103,0.914515763716465,-8.54842362835352,1.11930107825485,0.856879072211748
"202604212250_wikimqa_curve.output","/Users/doppler/Documents/Github/CacheBlend/outputs/202604212250_wikimqa_curve.output",19,"example/blend_curve.py","wikimqa","Qwen2.5-1.5B",TRUE,0.9,0,50,0.198012121212121,0.341253416149068,0.427256854256854,0.598540962919978,0.911456040580051,1.09170241810007,0.247253066700068,0.577432235059714,0.491587692399917,50,"2026-04-21 22:50:07","2026-04-21 23:09:13","2WikiMQA","2WikiMQA (F1)","Qwen2.5-1.5B",0.798707879695984,-0.086003438107786,0.143241294936947,1.19775652307412,0.834894221601427,-16.5105778398573,1.17462711940713,0.938374904878332
"202604212250_wikimqa_curve.output","/Users/doppler/Documents/Github/CacheBlend/outputs/202604212250_wikimqa_curve.output",20,"example/blend_curve.py","wikimqa","Qwen2.5-1.5B",TRUE,0.95,0,50,0.198012121212121,0.332998870694523,0.427256854256854,0.598540962919978,0.913323849840162,1.09170241810007,0.247253066700068,0.595414312160137,0.491587692399917,50,"2026-04-21 22:50:07","2026-04-21 23:09:13","2WikiMQA","2WikiMQA (F1)","Qwen2.5-1.5B",0.779388013034271,-0.0942579835623314,0.134986749482402,1.19530702969283,0.836605135884609,-16.3394864115391,1.21120671116346,0.924959668864768
"202604212250_wikimqa_curve.output","/Users/doppler/Documents/Github/CacheBlend/outputs/202604212250_wikimqa_curve.output",21,"example/blend_curve.py","wikimqa","Qwen2.5-1.5B",TRUE,1,0,50,0.198012121212121,0.426587615283267,0.427256854256854,0.598540962919978,0.882298934759856,1.09170241810007,0.247253066700068,0.611969897679992,0.491587692399917,50,"2026-04-21 22:50:07","2026-04-21 23:09:13","2WikiMQA","2WikiMQA (F1)","Qwen2.5-1.5B",0.998433637829519,-0.000669238973586839,0.228575494071146,1.23733847462618,0.808186297045449,-19.1813702954551,1.24488449800761,1.08205033070835
"202604212332_samsum_curve.output","/Users/doppler/Documents/Github/CacheBlend/outputs/202604212332_samsum_curve.output",1,"example/blend_curve.py","samsum","Qwen2.5-1.5B",TRUE,0,0,25,0.192739635463802,0.192739635463802,0.354285473949803,1.95416124660027,1.99552219119985,1.61906798676107,0.916734063719923,1.04114480179982,1.4691229391603,0,"2026-04-21 23:32:22","2026-04-21 23:56:02","SAMSum","SAMSum (Rouge-L)","Qwen2.5-1.5B",0.544023533663451,-0.161545838486001,0,0.811350529651376,1.23251290712743,23.2512907127433,0.708684599530454,0.637587982259224
"202604212332_samsum_curve.output","/Users/doppler/Documents/Github/CacheBlend/outputs/202604212332_samsum_curve.output",2,"example/blend_curve.py","samsum","Qwen2.5-1.5B",TRUE,0.05,0,25,0.192739635463802,0.211108154557558,0.354285473949803,1.95416124660027,2.02929391115962,1.61906798676107,0.916734063719923,1.0690620014396,1.4691229391603,25,"2026-04-21 23:32:22","2026-04-21 23:56:02","SAMSum","SAMSum (Rouge-L)","Qwen2.5-1.5B",0.59587019530885,-0.143177319392245,0.0183685190937556,0.797847949898925,1.25337164822782,25.3371648227817,0.72768722953209,0.666562409415377
"202604212332_samsum_curve.output","/Users/doppler/Documents/Github/CacheBlend/outputs/202604212332_samsum_curve.output",3,"example/blend_curve.py","samsum","Qwen2.5-1.5B",TRUE,0.1,0,25,0.192739635463802,0.194420408316838,0.354285473949803,1.95416124660027,2.07317662863978,1.61906798676107,0.916734063719923,1.09807334359954,1.4691229391603,25,"2026-04-21 23:32:22","2026-04-21 23:56:02","SAMSum","SAMSum (Rouge-L)","Qwen2.5-1.5B",0.548767653805598,-0.159865065632966,0.00168077285303547,0.780959984014172,1.28047533864661,28.0475338646613,0.747434618526315,0.630034969378599
"202604212332_samsum_curve.output","/Users/doppler/Documents/Github/CacheBlend/outputs/202604212332_samsum_curve.output",4,"example/blend_curve.py","samsum","Qwen2.5-1.5B",TRUE,0.15,0,25,0.192739635463802,0.195485286484684,0.354285473949803,1.95416124660027,2.07635659620006,1.61906798676107,0.916734063719923,1.12251615399975,1.4691229391603,25,"2026-04-21 23:32:22","2026-04-21 23:56:02","SAMSum","SAMSum (Rouge-L)","Qwen2.5-1.5B",0.55177336035059,-0.158800187465119,0.00274565102088187,0.779763933480469,1.28243941154922,28.2439411549223,0.764072307414479,0.631570060946047
"202604212332_samsum_curve.output","/Users/doppler/Documents/Github/CacheBlend/outputs/202604212332_samsum_curve.output",5,"example/blend_curve.py","samsum","Qwen2.5-1.5B",TRUE,0.2,0,25,0.192739635463802,0.279622606588376,0.354285473949803,1.95416124660027,2.12523672004012,1.61906798676107,0.916734063719923,1.14892632579998,1.4691229391603,25,"2026-04-21 23:32:22","2026-04-21 23:56:02","SAMSum","SAMSum (Rouge-L)","Qwen2.5-1.5B",0.789257892712795,-0.0746628673614277,0.0868829711245733,0.761829480685102,1.31262969647842,31.2629696478423,0.782049136375662,0.779657948503102
"202604212332_samsum_curve.output","/Users/doppler/Documents/Github/CacheBlend/outputs/202604212332_samsum_curve.output",6,"example/blend_curve.py","samsum","Qwen2.5-1.5B",TRUE,0.25,0,25,0.192739635463802,0.267614581765976,0.354285473949803,1.95416124660027,2.11968334748017,1.61906798676107,0.916734063719923,1.17490107564081,1.4691229391603,25,"2026-04-21 23:32:22","2026-04-21 23:56:02","SAMSum","SAMSum (Rouge-L)","Qwen2.5-1.5B",0.755364251270129,-0.0866708921838275,0.0748749463021735,0.763825402829996,1.30919971539958,30.9199715399579,0.799729583088768,0.758325654316082
"202604212332_samsum_curve.output","/Users/doppler/Documents/Github/CacheBlend/outputs/202604212332_samsum_curve.output",7,"example/blend_curve.py","samsum","Qwen2.5-1.5B",TRUE,0.3,0,25,0.192739635463802,0.306581821805427,0.354285473949803,1.95416124660027,2.1625256932003,1.61906798676107,0.916734063719923,1.19264948068012,1.4691229391603,25,"2026-04-21 23:32:22","2026-04-21 23:56:02","SAMSum","SAMSum (Rouge-L)","Qwen2.5-1.5B",0.865352503413293,-0.047703652144376,0.113842186341625,0.748693063787388,1.33566083134434,33.5660831344335,0.811810535993536,0.824521699544226
"202604212332_samsum_curve.output","/Users/doppler/Documents/Github/CacheBlend/outputs/202604212332_samsum_curve.output",8,"example/blend_curve.py","samsum","Qwen2.5-1.5B",TRUE,0.35,0,25,0.192739635463802,0.286524055953394,0.354285473949803,1.95416124660027,2.18814570299975,1.61906798676107,0.916734063719923,1.22046109039977,1.4691229391603,25,"2026-04-21 23:32:22","2026-04-21 23:56:02","SAMSum","SAMSum (Rouge-L)","Qwen2.5-1.5B",0.808737803328596,-0.067761417996409,0.093784420489592,0.739926954837365,1.35148475597811,35.1484755978106,0.830741293235366,0.784654006356665
"202604212332_samsum_curve.output","/Users/doppler/Documents/Github/CacheBlend/outputs/202604212332_samsum_curve.output",9,"example/blend_curve.py","samsum","Qwen2.5-1.5B",TRUE,0.4,0,25,0.192739635463802,0.312185818003407,0.354285473949803,1.95416124660027,2.23094833819996,1.61906798676107,0.916734063719923,1.25436115012009,1.4691229391603,25,"2026-04-21 23:32:22","2026-04-21 23:56:02","SAMSum","SAMSum (Rouge-L)","Qwen2.5-1.5B",0.881170245347509,-0.0420996559463968,0.119446182539604,0.725730828920682,1.37792134514558,37.7921345145577,0.85381632583931,0.826766449598119
"202604212332_samsum_curve.output","/Users/doppler/Documents/Github/CacheBlend/outputs/202604212332_samsum_curve.output",10,"example/blend_curve.py","samsum","Qwen2.5-1.5B",TRUE,0.45,0,25,0.192739635463802,0.341154924542839,0.354285473949803,1.95416124660027,2.26413441588025,1.61906798676107,0.916734063719923,1.28795004883999,1.4691229391603,25,"2026-04-21 23:32:22","2026-04-21 23:56:02","SAMSum","SAMSum (Rouge-L)","Qwen2.5-1.5B",0.962937940241872,-0.0131305494069642,0.148415289079037,0.715093580754397,1.39841837056492,39.8418370564924,0.876679557924637,0.876192414421256
"202604212332_samsum_curve.output","/Users/doppler/Documents/Github/CacheBlend/outputs/202604212332_samsum_curve.output",11,"example/blend_curve.py","samsum","Qwen2.5-1.5B",TRUE,0.5,0,25,0.192739635463802,0.342854769327292,0.354285473949803,1.95416124660027,2.28400963508,1.61906798676107,0.916734063719923,1.30663848556011,1.4691229391603,25,"2026-04-21 23:32:22","2026-04-21 23:56:02","SAMSum","SAMSum (Rouge-L)","Qwen2.5-1.5B",0.967735892485021,-0.0114307046225119,0.150115133863489,0.708870909252694,1.4106940868179,41.0694086817895,0.889400369928835,0.877133148353706
"202604212332_samsum_curve.output","/Users/doppler/Documents/Github/CacheBlend/outputs/202604212332_samsum_curve.output",12,"example/blend_curve.py","samsum","Qwen2.5-1.5B",TRUE,0.55,0,25,0.192739635463802,0.320706475501475,0.354285473949803,1.95416124660027,2.3183826282002,1.61906798676107,0.916734063719923,1.34856106056002,1.4691229391603,25,"2026-04-21 23:32:22","2026-04-21 23:56:02","SAMSum","SAMSum (Rouge-L)","Qwen2.5-1.5B",0.905220504600519,-0.0335789984483283,0.127966840037673,0.698360989712033,1.43192419784551,43.1924197845511,0.917936154023173,0.832819674389549
"202604212332_samsum_curve.output","/Users/doppler/Documents/Github/CacheBlend/outputs/202604212332_samsum_curve.output",13,"example/blend_curve.py","samsum","Qwen2.5-1.5B",TRUE,0.6,0,25,0.192739635463802,0.340107542834414,0.354285473949803,1.95416124660027,2.33052060668037,1.61906798676107,0.916734063719923,1.38011362396021,1.4691229391603,25,"2026-04-21 23:32:22","2026-04-21 23:56:02","SAMSum","SAMSum (Rouge-L)","Qwen2.5-1.5B",0.959981618898102,-0.0141779311153899,0.147367907370611,0.694723737743432,1.43942109024251,43.9421090242507,0.939413296989994,0.867141360493967
"202604212332_samsum_curve.output","/Users/doppler/Documents/Github/CacheBlend/outputs/202604212332_samsum_curve.output",14,"example/blend_curve.py","samsum","Qwen2.5-1.5B",TRUE,0.65,0,25,0.192739635463802,0.334119400845847,0.354285473949803,1.95416124660027,2.26244807048002,1.61906798676107,0.916734063719923,1.41345655620011,1.4691229391603,25,"2026-04-21 23:32:22","2026-04-21 23:56:02","SAMSum","SAMSum (Rouge-L)","Qwen2.5-1.5B",0.943079593754911,-0.0201660731039566,0.141379765382044,0.715626585151878,1.39737681739111,39.7376817391111,0.962109105047392,0.86347104074385
"202604212332_samsum_curve.output","/Users/doppler/Documents/Github/CacheBlend/outputs/202604212332_samsum_curve.output",15,"example/blend_curve.py","samsum","Qwen2.5-1.5B",TRUE,0.7,0,25,0.192739635463802,0.35587402072534,0.354285473949803,1.95416124660027,2.27687243299981,1.61906798676107,0.916734063719923,1.44897416576016,1.4691229391603,25,"2026-04-21 23:32:22","2026-04-21 23:56:02","SAMSum","SAMSum (Rouge-L)","Qwen2.5-1.5B",1.00448380442423,0.00158854677553671,0.163134385261538,0.71109297266511,1.40628587040045,40.6285870400454,0.986285168611105,0.901797013308538
"202604212332_samsum_curve.output","/Users/doppler/Documents/Github/CacheBlend/outputs/202604212332_samsum_curve.output",16,"example/blend_curve.py","samsum","Qwen2.5-1.5B",TRUE,0.75,0,25,0.192739635463802,0.338485850111605,0.354285473949803,1.95416124660027,2.39106112699956,1.61906798676107,0.916734063719923,1.49571244780003,1.4691229391603,25,"2026-04-21 23:32:22","2026-04-21 23:56:02","SAMSum","SAMSum (Rouge-L)","Qwen2.5-1.5B",0.95540425730117,-0.0157996238381985,0.145746214647802,0.677133666086059,1.4768132941612,47.6813294161196,1.01809889964344,0.858009550375881
"202604212332_samsum_curve.output","/Users/doppler/Documents/Github/CacheBlend/outputs/202604212332_samsum_curve.output",17,"example/blend_curve.py","samsum","Qwen2.5-1.5B",TRUE,0.8,0,25,0.192739635463802,0.3455115242572,0.354285473949803,1.95416124660027,2.38751398399996,1.61906798676107,0.916734063719923,1.5296915398803,1.4691229391603,25,"2026-04-21 23:32:22","2026-04-21 23:56:02","SAMSum","SAMSum (Rouge-L)","Qwen2.5-1.5B",0.975234802616133,-0.00877394969260359,0.152771888793397,0.678139687395063,1.47462243928135,47.4622439281351,1.04122772785416,0.871251512288759
"202604212332_samsum_curve.output","/Users/doppler/Documents/Github/CacheBlend/outputs/202604212332_samsum_curve.output",18,"example/blend_curve.py","samsum","Qwen2.5-1.5B",TRUE,0.85,0,25,0.192739635463802,0.309488451052333,0.354285473949803,1.95416124660027,2.41547642616002,1.61906798676107,0.916734063719923,1.55837961564044,1.4691229391603,25,"2026-04-21 23:32:22","2026-04-21 23:56:02","SAMSum","SAMSum (Rouge-L)","Qwen2.5-1.5B",0.873556704433732,-0.0447970228974702,0.116748815588531,0.67028929333621,1.49189314217259,49.1893142172585,1.06075507644797,0.8024131105496
"202604212332_samsum_curve.output","/Users/doppler/Documents/Github/CacheBlend/outputs/202604212332_samsum_curve.output",19,"example/blend_curve.py","samsum","Qwen2.5-1.5B",TRUE,0.9,0,25,0.192739635463802,0.321089824026101,0.354285473949803,1.95416124660027,2.38615937075971,1.61906798676107,0.916734063719923,1.58109781835956,1.4691229391603,25,"2026-04-21 23:32:22","2026-04-21 23:56:02","SAMSum","SAMSum (Rouge-L)","Qwen2.5-1.5B",0.906302537460494,-0.0331956499237027,0.128350188562298,0.678524664614332,1.47378577692293,47.3785776922925,1.07621886243452,0.826580281964338
"202604212332_samsum_curve.output","/Users/doppler/Documents/Github/CacheBlend/outputs/202604212332_samsum_curve.output",20,"example/blend_curve.py","samsum","Qwen2.5-1.5B",TRUE,0.95,0,25,0.192739635463802,0.359181340899898,0.354285473949803,1.95416124660027,2.46343551208003,1.61906798676107,0.916734063719923,1.6238153250399,1.4691229391603,25,"2026-04-21 23:32:22","2026-04-21 23:56:02","SAMSum","SAMSum (Rouge-L)","Qwen2.5-1.5B",1.01381898866897,0.00489586695009447,0.166441705436095,0.65723985012865,1.52151455789581,52.1514557895808,1.10529573921705,0.889016290179861
"202604212332_samsum_curve.output","/Users/doppler/Documents/Github/CacheBlend/outputs/202604212332_samsum_curve.output",21,"example/blend_curve.py","samsum","Qwen2.5-1.5B",TRUE,1,0,25,0.192739635463802,0.354333247134058,0.354285473949803,1.95416124660027,2.57373874223951,1.61906798676107,0.916734063719923,1.67076936235942,1.4691229391603,25,"2026-04-21 23:32:22","2026-04-21 23:56:02","SAMSum","SAMSum (Rouge-L)","Qwen2.5-1.5B",1.00013484375671,4.77731842547513e-05,0.161593611670256,0.629072391921279,1.58964216653326,58.9642166533256,1.13725633017097,0.870262985614308
